<Header>,,,,,,,,,,,,,,,,
<dataVersion>2,,,,,,,,,,,,,,,,
<projection>XY06,,,,,,,,,,,,,,,,
<generate>15:11:16 11/12/09,,,,,,,,,,,,,,,,
</Header>,,,,,,,,,,,,,,,,
8,,,,,,,,,,,,,,,,
/*id,code,name,outwall,roofing,base,open1,open2,floor,part,inopen1,inopen2,reserve1,reserve2,else,opratio,sukima
0,0,‚»‚Ì‘¼,0,1,2,3,4,5,6,7,7,7,8,9,0.2,0
1,1,‘Ï‰Î‘¢,10,11,12,13,14,15,16,17,17,17,18,19,0.2,0
2,2,€‘Ï‰Î‘¢,20,21,22,23,24,25,26,27,27,27,28,29,0.2,0
3,3,–h‰Î‘¢,30,31,32,33,34,35,36,37,37,37,38,39,0.2,0
4,4,€–h‰Î‘¢,40,41,42,43,44,45,46,47,47,47,48,49,0.2,0
5,5,—‡–Ø‘¢,50,51,52,53,54,55,56,57,57,57,58,59,0.2,0
6,6,€‘Ï‰Î–Ø‘¢,60,61,62,63,64,65,66,67,67,67,68,69,0.2,0
7,7,S45ˆÈ~–h‰Î‘¢,70,71,72,73,74,75,76,77,77,77,78,79,0.2,0
